origin,target
001民視第,民视第一台
001民視第一,民视第一台
002中視經典,中视经典
003中視菁采,中视菁采台
004台視綜合,台视综合台
006民視,民视
006民视,民视
007人間衛視,人间卫视
008台視,台视
009大愛,大爱一台
010中視,中视
011霹靂台灣,霹雳台湾台
012華視,华视
013公視,公视
014公視台語台,公视2
015好消息,GOODTV
016原住民族電視,原住民
017客家電視,客家电视台
018BBCEARTH,BBCEARTH
018國家地理頻道,国家地理(台湾)
019DISCOVERY,DISCOVERY
020TLC旅遊生活,TLC旅游生活
021動物星球,动物星球
022CN卡通,CN卡通
023尼克兒童頻道,NICKELODEON
024MOMO親子,MOMO亲子台
025東森幼幼,东森幼幼台
026緯來綜合,纬来综合台
027八大第一,八大第一台
028八大綜合,八大综合台
029三立臺灣,三立台湾台
030三立都會,三立都会台
031衛視中文,卫视中文台
032東森綜合,东森综合台
033東森超視,东森超视
034愛爾達綜合,爱尔达综合
035亞洲旅遊,亚洲旅游台
036中天綜合,中天综合台
037東風衛視,东风卫视
038年代MUCH,年代MUCH
039中天娛樂,中天娱乐台
040東森戲劇,东森戏剧台
041八大戲劇,八大戏剧台
042TVBS歡樂,TVBS欢乐台
043緯來戲劇,纬来戏剧台
044高點綜合,高点综合台
045JET綜合,JET综合台
046龍華偶像,龙华偶像
047龍華戲劇,龙华戏剧
048三立INEWS,三立财经新闻台
048台視新聞,台视新闻台
049壹電視新聞,壹电视新闻台
050年代新聞,年代新闻台
051東森新聞,东森新闻台
053民視新聞,民视新闻台
054三立新聞,三立新闻台
055TVBS新聞,TVBS新闻台
056TVBS,TVBS
057東森財經新聞,东森财经新闻台
058非凡新聞,非凡新闻台
059中視新聞,中视新闻
060中天新聞,中天新闻台
061CATCHPLAY,CATCHPLAY电影
061衛視電影,卫视电影台
062東森電影,东森电影台
063緯來電影,纬来电影台
064龍祥電影,LSTIME电影台
065HBO,HBO
066東森洋片,东森洋片台
067AXN,AXN
068好萊塢電影,好莱坞电影台
069AMC電影台,AMC
069STARMOVIESGOLD,FOXMOVIES
070CINEMAX,CINEMAX
071緯來育樂,纬来育乐台
072緯來體育,纬来体育台
073ELEVENSPORTS1,ELEVEN体育一台
074ELEVENSPORTS2,ELEVEN体育二台
076博斯運動一台,博斯运动一台
077緯來日本,纬来日本台
078國興衛視,国兴卫视
079BBCLIFESTYLE,BBCLIFESTYLE
079STARWORLD,FOX
080華藝MBC綜合,华艺MBC
080靖天日本,靖天日本台
081Z頻道,Z
081愛爾達娛樂,爱尔达娱乐台
082ANIMAX,ANIMAX
083MTV,MTV
084ETTODAY綜合,ETTODAY
084靖天資訊,靖天资讯台
085寰宇新聞,寰宇新闻
085靖天綜合,靖天综合台
086靖天育樂,靖天育乐台
087KLT-靖天國際,靖天国际
088八大娛樂,八大娱乐台
088靖天日本,靖天日本台
089KLT-靖天國際,靖天国际
089三立INEWS,三立财经新闻台
090非凡商業,非凡商业台
091台視財經,台视财经台
092寰宇財經,寰宇财经
093SBN全球財經,SBN全球财经台
094NHK-WORLD,NHKWORLDPREMIUM
095NHK,NHK
096靖洋卡通,靖洋卡通台
097DAVINCI達文西,达文西
097靖天卡通,靖天卡通台
098DREAMWORKS,DREAMWORKS
099BOOMERANG,BOOMERANG
1,CCTV1
1⃣️,cctv1
100NICKJR.,NICKJR.
101CBEEBIES,CBEEBIES
101动画,MY101综合
102BABYTV,BABYTV
103DISCOVERYASIA,DISCOVERYASIA
104DISCOVERY科學頻道,DISCOVERY科学
105DISCOVERYDMAX,DMAX
106DISCOVERYEVE,EVE
107HISTORY,HISTORY
109CI罪案偵緝頻道,CI
10.CCTV-17农业农村-1080P,CCTV17
110BBCEARTH,BBCEARTH
110LUXETV,LUXETV
111,民视第一台
1111,CCTV1
111BBCLIFESTYLE,BBCLIFESTYLE
111LIFETIME,LIFETIME
113MTVLIVE,MTV
116MEZZOLIVE,MEZZOLIVEHD
117TRACEURBAN,TRACEURBAN
118台視新聞,台视新闻台
118星衛娛樂台,星卫娱乐
118華藝MBC綜合,华艺MBC
119台視財經,台视财经台
119愛爾達娛樂,爱尔达娱乐台
11.湖北卫视-1080P,湖北卫视
120民視台灣,民视台湾台
121公視3台,公视三台
121民視台灣,民视台湾台
122公視3台,公视三台
123,民视第一台
125幸福空間居家,幸福空间居家台
126高點育樂,高点育乐台
128CNEX紀實,CNEX
129影迷數位紀實,影迷数位纪实
12.湖北经济-1080P,湖北经济
130FASHIONTV,FASHIONTV
131LUXETV,LUXETV
131ROCKENTERTAINMENT,BLUEANTENTERTAINMENT
132LIFETIME,LIFETIME
132ROCKEXTREME,BLUEANTEXTREME
133TV5MONDESTYLE,生活时尚
134HGTV居家生活,HGTV居家乐活
135FOODNETWORK,FOODNETWORK美食台
136AFN亞洲美食,亚洲美食
137美食星球,美食星球
138靖洋戲劇,靖洋戏剧台
139愛爾達影劇,爱尔达影剧
13新闻,CCTV13
13.湖北综合-1080P,湖北综合
140靖天戲劇,靖天戏剧台
141EYETV戲劇,EYE戏剧
142龍華日韓,龙华日韩台
143三立戲劇,三立戏剧
144TVN,TVN
145台灣戲劇台,台湾戏剧
145韓國娛樂台KMTV,韩国娱乐台KMTV
146ELTV生活英語,ELTV
146ROCKENTERTAINMENT,BLUEANTENTERTAINMENT
147ROCKEXTREME,BLUEANTEXTREME
148寰宇新聞,寰宇新闻
14.湖北垄上频道-1080P,湖北垄上
150ALJAZEERAENGLISH,ALJAZEERA
151BBCWORLDNEWS,BBCWORLDNEWS
152BLOOMBERG,BLOOMBERGTV
153CHANNELNEWSASIA,CHANNELNEWSASIA
155EURONEWS,EURONEWS
156DW德國之聲,DW
157FRANCE24,FRANCE24
159SKYNEWS,SKYNEWS
15.湖北公共·新闻-1080P,湖北公共·新闻
160ARIRANGTV,ARIRANGTV
166靖天資訊,靖天资讯台
167緯來精采,纬来精采
167靖天歡樂,靖天欢乐台
168狼谷育樂台,狼谷竞技
168緯來精采,纬来精采
169愛爾達體育1台,爱尔达体育1
16.湖北影视-1080P,湖北影视
170愛爾達體育2台,爱尔达体育2
171愛爾達體育3台,爱尔达体育3
173智林體育,智林体育
174博斯運動二台,博斯运动二台
175博斯高球I,博斯高球1台
176博斯高球Ⅱ,博斯高球2台
177博斯網球,博斯网球台
178博斯魅力網,博斯魅力网
179博斯無限I,博斯无限台
17.湖北教育-1080P,湖北教育
18,NHK
180博斯無限Ⅱ,博斯无限二台
185EUROSPORT,EUROSPORT
186TRACESPORTSTARS,TRACESPORTS
187TRAVELCHANNEL,TRAVELCHANNEL
188EYETV旅遊,EYE旅游
189滾動力,ROLLOR
189靖天歡樂,靖天欢乐台
18.湖北生活-1080P,湖北生活
1905,1905环球经典
1905国内电影,1905极限反转
1905国内经典,1905极限反转
1905国外电影,1905环球经典
1905放映室,1905极限反转
190SMART知識,SMART知识
191采昌影劇,采昌影剧
192HBOHD,HBOHD
193HBOHITS,HBOHITS
194HBOSIGNATURE,HBOSIGNATURE
195HBOFAMILY,HBOFAMILY
196STARMOVIESHD,STARMOVIESHD
196WARNERTV,WARNERTV
197CINEMAWORLD,CINEMAWORLD
197星衛HD電影,星卫HD电影
198AMC最愛電影,AMC
198MYCINEMAEUROPE,MYCINEMAEUROPE
199WARNERTV,WARNERTV
19.CCTV-1综合-1080P,CCTV1
1.CCTV-1综合-1080P,CCTV1
200CATCHPLAY,CATCHPLAY电影
200HITS,HITS
201CINEMAWORLD,CINEMAWORLD
201影迷數位電影,影迷数位电影
202MYCINEMAEUROPE,MYCINEMAEUROPE
202壹電視電影,壹电视电影台
203龍華洋片,龙华洋片
204龍華經典,龙华经典
205天映經典,天映经典
207HITS,HITS
207美亞電影,美亚高清电影台
208壹電視電影,壹电视电影台
208靖天映畫,靖天映画
209影迷數位電影,影迷数位电影
209靖天電影,靖天电影台
20.CCTV-13新闻-1080P,CCTV13
210龍華電影,龙华电影
211八大優頻道,八大优
211美亞電影,美亚高清电影台
212靖天映畫,靖天映画
213靖天電影,靖天电影台
214TVBS精采台,TVBS精采台
215壹電視綜合,壹电视综合台
216三立綜合,三立综合台
217亞洲綜合,亚洲综合
218寰宇綜合,寰宇HD综合
219中天亞洲,中天亚洲台
21.CCTV-2财经-1080P,CCTV2
220ETTODAY綜合,ETTODAY
220靖天綜合,靖天综合台
221大愛2台,大爱二台
222,凤凰中文
222好消息2台,GOODTV2
224民視綜藝,民视综艺台
227ELTV英語學習,ELTV
227龍華影劇,龙华影剧
228華藝影劇,华艺影剧
22.CCTV-3综艺-1080P,CCTV3
230滾動力,ROLLOR
231I-FUN動漫,IFUN1
232八大優頻道,八大优
232曼迪日本,曼迪日本
233八大精彩,八大优
234龍華動畫,龙华动画
235華藝MBC綜合,华艺MBC
236台灣戲劇台,台湾戏剧
237龍華影劇,龙华影剧
238華藝影劇,华艺影剧
23.CCTV-4中文国际-1080P,CCTV4
241龍華動畫,龙华动画
242曼迪日本,曼迪日本
243DREAMWORKS,DREAMWORKS
244BABYFIRST,BABYFIRST
245DAVINCIKIDS,达文西
245靖天卡通,靖天卡通台
246I-FUN動漫,IFUN1
248I-FUN動漫3,IFUN3
249MYKIDS,MYKIDS
24.CCTV-5体育-1080P,CCTV5
250MY101綜合,MY101综合
25.CCTV-5+体育赛事-1080P,CCTV5+
26.CCTV-6电影-1080P,CCTV6
27.CCTV-7国防军事-1080P,CCTV7
28.CCTV-8电视剧-1080P,CCTV8
29.CCTV-9纪录-1080P,CCTV9
2.湖北卫视-1080P,湖北卫视
30.CCTV-10科教-1080P,CCTV10
31.CCTV-11戏剧-1080P,CCTV11
32.CCTV-12社会与法-1080P,CCTV12
33.CCTV-14少儿-1080P,CCTV14
34.CCTV-15音乐-1080P,CCTV15
35.CCTV-16奥林匹克-1080P,CCTV16
37.湖南金鹰卡通-1080P,金鹰卡通
38.北京卫视-1080P,北京卫视
39.浙江卫视-1080P,浙江卫视
3.武汉1-新闻综合-720P,武汉新闻综合
40.江苏卫视-1080P,江苏卫视
41.上海东方卫视-1080P,东方卫视
42.湖南卫视-1080P,湖南卫视
43.辽宁卫视-1080P,辽宁卫视
44.山东卫视-1080P,山东卫视
45.广东卫视-1080P,广东卫视
46.四川卫视-1080P,四川卫视
47.江西卫视-1080P,江西卫视
48.天津卫视-1080P,天津卫视
49.安徽卫视-1080P,安徽卫视
4K,4K综艺
4KUHD,纯享4k
4K央视,纯享4k
4K欢笑剧场,欢笑剧场
4K综艺_我的,4K综艺
4K超清,北京4K
4K超清1,北京4K
4K超清2,北京4K
50.河北卫视-1080P,河北卫视
51.山西卫视-576P,山西卫视
52.海南卫视-1080P,海南卫视
53.贵州卫视-1080P,贵州卫视
54.黑龙江卫视-1080P,黑龙江卫视
55.深圳卫视-1080P,深圳卫视
56.陕西卫视-576P,陕西卫视
57.内蒙古卫视-576P,内蒙古卫视
58.重庆卫视-1080P,重庆卫视
59.广西卫视-1080P,广西卫视
5.武汉3-科技生活-720P,武汉科技生活
60.福建东南卫视-1080P,东南卫视
61.吉林卫视-1080P,吉林卫视
62.山东教育电视台-576P,山东教育卫视
63.宁夏卫视-1080P,宁夏卫视
64.云南卫视-576P,云南卫视
65.甘肃卫视-576P,甘肃卫视
66666,民视
66.广东嘉佳卡通-1080P,嘉佳卡通
67.北京卡酷少儿-1080P,卡酷少儿
68.河南卫视-1080P,河南卫视
6.武汉4-经济-1080P,武汉经济
70.新疆卫视-576P,新疆卫视
71.新疆兵团卫视-576P,兵团卫视
72.西藏卫视-576P,西藏卫视
73.CGTN-1080P,CGTN
75.CGTN阿拉伯语-1080P,CGTN阿语
76.CGTN俄语-1080P,CGTN俄语
77.CGTN法语-1080P,CGTN法语
78.CGTN西班牙语-1080P,CGTN西语
7.武汉5-文体-720P（有时版权原因无法播放）,武汉文体
83.凤凰中文-1080P,凤凰中文
84.凤凰资讯-1080P,凤凰资讯
85.凤凰香港-720P,凤凰香港
86.TVB翡翠台-720P,翡翠台
87.HKS香港卫视-720P,HKS
8.武汉6-外语-1080P,武汉外语
9.武汉教育电视台-1080P,武汉教育电视台
AHWS,安徽卫视
AMC最愛電影,AMC
AMC最爱电影,AMC
AMC电影,AMC
ANIMAL PLANET,动物星球
ANIMALPLANETTV,动物星球
ANIMAX高清,ANIMAX
BABYFIRST宝宝世界,BABYFIRST
BABYTV(台湾),BABYTV
BBC,BBCWORLDNEWS
BBCLIFESTYLE(高清),BBCLIFESTYLE
BBCWORLDNEWSHD,BBCWORLDNEWS
BBC儿童亚洲,CBEEBIES
BBC地球,BBCEARTH
BBC生活,BBCLIFESTYLE
BESTV星光影院,星光影院
BESTV黑莓电影,黑莓电影
BLUEANT综艺娱乐,BLUEANTENTERTAINMENT
BLUEANT超级娱乐,BLUEANTEXTREME
BOOM动画,BOOMERANG
BRTV冬奥纪实,冬奥纪实
BRTV新闻,北京新闻
BRTV纪实科教,冬奥纪实
BRTV纪实科教8K,冬奥纪实
BTV体育休闲,BTV体育
BTV体育休闲(高清),BTV体育
BTV北京卫视,北京卫视
BTV卡酷少儿,卡酷少儿
BTV影视,北京影视
BTV文艺,北京文艺
BTV新闻,北京新闻
BTV生活,北京生活
BTV科教,北京科教
BTV纪实科教,BTV科教
BTV财经,北京财经
BTV青年,北京青年
C15C15,CCTV15
CARTNNITO,BOOMERANG
CATCHPLAY电影高清,CATCHPLAY电影
CBN-幸福娱乐,幸福娱乐
CBN幸福娱乐,幸福娱乐
CBN每日影院,每日影院
CBN-风尚生活,风尚生活
CBN风尚生活,风尚生活
CCTV,cctv1
CCTV0001,cctv1
CCTV_01,cctv1
CCTV_01综合,cctv1
CCTV_02,CCTV2
CCTV_02财经,CCTV2
CCTV_03综艺,CCTV3
CCTV_04中文国际,CCTV4
CCTV_05体育,CCTV5
CCTV_06电影,CCTV6
CCTV_07国防军事,CCTV7
CCTV_08电视剧,CCTV8
CCTV_09纪录,CCTV9
CCTV1,CCTV1
CCTV_1,CCTV1
CCTV-1,cctv1
CCTV-10,CCTV10
CCTV10H,CCTV10
CCTV10HD,CCTV10
CCTV-10科学,CCTV10
CCTV_10科教,CCTV10
CCTV-10科教,CCTV10
CCTV10科教,CCTV10
CCTV-10高清,CCTV10
CCTV-11,CCTV11
CCTV11080,cctv1
CCTV1[1920*1080],cctv1
CCTV11H,CCTV11
CCTV_11戏曲,CCTV11
CCTV-11戏曲,CCTV11
CCTV11戏曲,CCTV11
CCTV-11戏曲HD,cctv11
CCTV-11高清,CCTV11
CCTV-12,CCTV12
CCTV12H,CCTV12
CCTV12HD,CCTV12
CCTV-12法治,CCTV12
CCTV-12社会,CCTV12
CCTV_12社会与法,CCTV12
CCTV-12社会与法,CCTV12
CCTV12社会与法,CCTV12
CCTV-12社会与法HD,cctv12
CCTV-12高清,CCTV12
🆕CCTV13,CCTV13
CCTV-13,CCTV13
CCTV13.CN,CCTV13
CCTV13F,CCTV13
CCTV13H,CCTV13
CCTV13HD,CCTV13
CCTV_13新闻,CCTV13
CCTV-13新闻,CCTV13
CCTV13新闻,CCTV13
CCTV-13高清,CCTV13
CCTV-14,CCTV14
CCTV14H,CCTV14
CCTV14HD,CCTV14
CCTV1-4K,CCTV1
CCTV1-4K1,CCTV1
CCTV1-4K2,CCTV1
CCTV1-4K3,CCTV1
CCTV1-4K4,CCTV1
CCTV1-4K5,CCTV1
CCTV1-4K6,CCTV1
CCTV_14少儿,CCTV14
CCTV-14少儿,CCTV14
CCTV14少儿,CCTV14
CCTV-14少儿HD,cctv14
CCTV-14高清,CCTV14
CCTV-15,CCTV15
CCTV15.CN,CCTV15
CCTV15H,CCTV15
CCTV15HD,CCTV15
CCTV_15音乐,CCTV15
CCTV-15音乐,CCTV15
CCTV15音乐,CCTV15
CCTV-15音乐HD,cctv15
CCTV-15高清,CCTV15
CCTV-16,CCTV16
CCTV164K,CCTV16
CCTV-16 4K,CCTV16
CCTV16-4K,CCTV16
CCTV164K（SDR）,CCTV16
CCTV16.CN,CCTV16
CCTV16H,CCTV16
CCTV16HD,CCTV16
CCTV_16奥林匹克,CCTV16
CCTV-16奥林匹克,CCTV16
CCTV16-奥林匹克,CCTV16
CCTV16奥林匹克,CCTV16
CCTV-16奥林匹克4K,CCTV16
CCTV16-奥林匹克4K,CCTV16
CCTV-16奥运4K,CCTV16
CCTV16超高清,CCTV16
CCTV-16 高清,CCTV16
CCTV-16高清,CCTV16
CCTV17H,CCTV17
CCTV17HD,CCTV17
CCTV-17农业,CCTV17
CCTV17农业,CCTV17
CCTV_17农业农村,CCTV17
CCTV-17农业农村,CCTV17
CCTV17-农业农村,CCTV17
CCTV17农业农村,CCTV17
CCTV-17高清,CCTV17
CCTV18,CCTV5+
CCTV18M,cctv1
CCTV18M1080,CCTV1
CCTV1.CN,CCTV1
CCTV1F,CCTV1
CCTV1H,CCTV1
CCTV1HD,CCTV1
CCTV-1HD,CCTV1
CCTV-1-HD,CCTV1
CCTV1-HD,CCTV1
CCTV1「IPTV」,CCTV1
CCTV1MAX16M1080,CCTV1
CCTV-1綜合頻道,CCTV1
CCTV-1 综合,cctv1
CCTV-1综合,CCTV1
CCTV1-综合,CCTV1
CCTV1综合1,cctv1
CCTV-1综合（1080P）,CCTV1
CCTV-1综合频道,CCTV1
CCTV1-综合频道,CCTV1
CCTV1综合频道,CCTV1
CCTV-1综合(高清),CCTV1
CCTV-1综合[高清],CCTV1
CCTV1综合高清,cctv1
CCTV1综合(高清),cctv1
CCTV1超高清,CCTV1
CCTV-1高清,CCTV1
CCTV1-高清,CCTV1
CCTV1（高清）,CCTV1
CCTV1高清,CCTV1
CCTV1高清综合,cctv1
CCTV2,CCTV2
CCTV-2,CCTV2
CCTV21,CCTV2
CCTV2C,CCTV2
CCTV2F,CCTV2
CCTV2H,CCTV2
CCTV2HD,cctv2
CCTV2经济,CCTV2
CCTV-2财经,CCTV2
CCTV2财经,CCTV2
CCTV-2财经[高清],CCTV2
CCTV-2[高清],CCTV2
CCTV-2高清,CCTV2
CCTV2-高清,cctv2
CCTV-3,CCTV3
CCTV34K,CCTV3
CCTV3-4K,CCTV3
CCTV3F,CCTV3
CCTV3H,CCTV3
CCTV3HD,cctv3
CCTV-3综艺,CCTV3
CCTV3综艺,CCTV3
CCTV-3高清,CCTV3
CCTV-4,CCTV4
CCTV4AME,CCTV4美洲
CCTV4EUO,CCTV4欧洲
CCTV4F,CCTV4
CCTV4H,CCTV4
CCTV4HD,cctv4
CCTV-4K,CCTV4K
CCTV4K1,CCTV4K
CCTV4K2,CCTV4K
CCTV-4K-25P-HLG源,CCTV4K
CCTV-4K25P-SDR-百事通源,CCTV4K
CCTV4K3,CCTV4K
CCTV4K.CN,CCTV4K
CCTV4K-HD,CCTV4K
CCTV-4K超高清,CCTV4K
CCTV4K-超高清1,CCTV4K
CCTV4K-超高清2,CCTV4K
CCTV4K-超高清3,CCTV4K
CCTV4K-超高清F,CCTV4K
CCTV-4中文,CCTV4
CCTV-4中文国际,CCTV4
CCTV4中文国际,CCTV4
CCTV-4中文国际欧洲,CCTV4欧洲
CCTV4-中文国际欧洲,CCTV4欧洲
CCTV-4中文国际美洲,CCTV4美洲
CCTV4-中文国际美洲,CCTV4美洲
CCTV-4国际,CCTV4
CCTV4国际,CCTV4
CCTV4-国际欧洲,CCTV4欧洲
CCTV4-国际美洲,CCTV4美洲
CCTV-4欧洲,CCTV4欧洲
CCTV-4美洲,CCTV4美洲
CCTV-4高清,CCTV4
CCTV-5,CCTV5
CCTV-5⁺,CCTV5+
CCTV-5+,CCTV5+
CCTV54K,CCTV5
CCTV5-4K,CCTV5
CCTV5H,CCTV5
CCTV5HD,cctv5
CCTV-5HD,CCTV5
CCTV5HD1,CCTV5
CCTV5HD2,CCTV5
CCTV5P,CCTV5+
CCTV5PLUS,CCTV5+
CCTV-5P体育赛事,CCTV5+
CCTV-5+体育,CCTV5+
CCTV-5体育,CCTV5
CCTV-5体育+,CCTV5+
CCTV5体育,CCTV5
CCTV-5体育-1080P,CCTV5
CCTV-5⁺体育赛事,CCTV5+
CCTV-5+体育赛事,CCTV5+
CCTV-5体育赛事,CCTV5+
CCTV5⁺体育赛事,CCTV5+
CCTV5+-体育赛事,CCTV5+
CCTV5+体育赛事,CCTV5+
CCTV-5+体育赛事-1080P,CCTV5+
CCTV-5＋体育赛事高清,CCTV5+
CCTV5+体育高清,CCTV5+
CCTV-5+体赛,CCTV5+
CCTV5＋赛事,CCTV5
CCTV-5 高清,CCTV5
CCTV-5+高清,cctv5+
CCTV-5＋高清,CCTV5+
CCTV-5高清,CCTV5
CCTV5+ 高清,CCTV5+
CCTV-6,CCTV6
CCTV64K,CCTV6
CCTV6-4K,CCTV6
CCTV6F,CCTV6
CCTV6H,CCTV6
CCTV6HD,cctv6
CCTV-6电影,CCTV6
CCTV6电影,CCTV6
CCTV-6-高清,cctv6
CCTV-6高清,CCTV6
CCTV-7,CCTV7
CCTV7H,CCTV7
CCTV7HD,CCTV7
CCTV-7HD,CCTV7
CCTV-7军事,CCTV7
CCTV7军事农业,CCTV7
CCTV-7国防,CCTV7
CCTV-7国防军事,CCTV7
CCTV7-国防军事,CCTV7
CCTV7国防军事,CCTV7
CCTV-7高清,CCTV7
CCTV-8,CCTV8
CCTV8-4K,CCTV8
CCTV8F,CCTV8
CCTV8H,CCTV8
CCTV8HD,CCTV8
CCTV-8K,CCTV8K
CCTV8K1,CCTV8K
CCTV8K2,CCTV8K
CCTV-8K超高清,CCTV8K
CCTV8K超高清,CCTV8K
CCTV8K-超高清F,CCTV8K
CCTV-8电视剧,CCTV8
CCTV8-电视剧,CCTV8
CCTV8电视剧,CCTV8
CCTV-8高清,CCTV8
CCTV-9,CCTV9
CCTV99,CCTV14
CCTV99999,cctv1
CCTV9H,CCTV9
CCTV9HD,CCTV9
CCTV-9纪录,CCTV9
CCTV9纪录,CCTV9
CCTV-9记录,CCTV9
CCTV-9高清,CCTV9
CCTVL,cctv1
CCTV-NEWS,CGTN
CCTVOHD,CCTV16
CCTVUHD,CCTV4K
🌏CCTV世界地理,世界地理
CCTV-世界地理,世界地理
CCTV世界地理,世界地理
CCTV-世界地理F,世界地理
CCTV-世界地理IPV6,世界地理
CCTV中学生,中学生
CCTV中视购物,好享购物
CCTV体育,CCTV1
CCTV体育.备用,CCTV5
CCTV-兵器科技,兵器科技
CCTV兵器科技,兵器科技
CCTV-兵器科技F,兵器科技
CCTV兵器科技F,兵器科技
CCTV-兵器科技IPV6,兵器科技
CCTV军事,CCTV7
CCTV军事.备用,CCTV7
CCTV剧集,CCTV8
CCTV剧集.备用,CCTV8
CCTV台球,央视台球
CCTV--国际,CCTV4
CCTV-国际,CCTV4
CCTV国际,CCTV4
CCTV国际.备用,CCTV4
CCTV-央视台球,央视台球
CCTV央视台球,央视台球
CCTV-央视台球F,央视台球
CCTV-央视台球IPV6,央视台球
CCTV央视文化,央视精品
CCTV-央视文化精品,央视精品
CCTV央视文化精品,文化精品
CCTV-央视高网F,高尔夫网球
CCTV-央视高网IPV6,高尔夫网球
CCTV奥林匹克4K,cctv16
CCTV-女性时尚,女性时尚
CCTV女性时尚,女性时尚
CCTV-女性时尚F,女性时尚
CCTV-女性时尚IPV6,女性时尚
CCTV女生时尚,女性时尚
CCTV少儿,CCTV14
CCTV少儿.备用,CCTV14
CCTV-怀旧剧场,怀旧剧场
CCTV怀旧剧场,怀旧剧场
CCTV-怀旧剧场F,怀旧剧场
CCTV-怀旧剧场IPV6,怀旧剧场
CCTV戏曲,CCTV11
CCTV戏曲.备用,CCTV11
CCTV文化精品,央视精品
CCTV-文化精品F,文化精品
CCTV-文化精品IPV6,文化精品
🆕CCTV新闻,CCTV13
CCTV法制,CCTV12
CCTV法制.备用,CCTV12
CCTV电影,CCTV6
CCTV电影.备用,CCTV6
CCTV-电影「高清」,CCTV6
CCTV-电视指南,电视指南
CCTV电视指南,电视指南
CCTV科教,CCTV10
CCTV科教.备用,CCTV10
CCTV-第一剧场,第一剧场
CCTV第一剧场,第一剧场
CCTV-第一剧场F,第一剧场
CCTV第一剧场F,第一剧场
CCTV-第一剧场IPV6,第一剧场
CCTV纪录,CCTV9
CCTV纪录.备用,CCTV9
CCTV-综合,cctv1
CCTV综合,cctv1
CCTV综合.备用,CCTV1
CCTV综艺,CCTV3
CCTV综艺.备用,CCTV3
CCTV财经,CCTV2
CCTV财经.备用,CCTV2
CCTV赛事,CCTV5+
CCTV赛事.备用,CCTV5+
CCTV音乐,CCTV15
CCTV音乐HD,CCTV15
CCTV音乐.备用,CCTV15
CCTV-风云剧场,风云剧场
CCTV风云剧场,风云剧场
CCTV-风云剧场F,风云剧场
CCTV风云剧场F,风云剧场
CCTV-风云剧场IPV6,风云剧场
CCTV-风云足球,风云足球
CCTV风云足球,风云足球
CCTV-风云足球F,风云足球
CCTV-风云足球IPV6,风云足球
🎸CCTV风云音乐,风云音乐
CCTV-风云音乐,风云音乐
CCTV风云音乐,风云音乐
CCTV-风云音乐F,风云音乐
CCTV-风云音乐IPV6,风云音乐
CCTV-高尔夫网球,高尔夫网球
CCTV高尔夫网球,高尔夫网球
CCTV高尔夫.网球,高尔夫网球
CCTV高尔夫·网球,高尔夫网球
CCTV高尔夫•网球,高尔夫网球
CCTV高网,高尔夫网球
CDTV1新闻综合,CDTV1
CDTV2经济资讯,CDTV2
CDTV3都市生活,CDTV3
CDTV4影视文艺,CDTV4
CDTV5公共高清,CDTV5
CDTV6少儿,CDTV6
CDTV6少儿频道,CDTV6
CETV01教育,中国教育1台
CETV1,中国教育1台
CETV-1,中国教育1台
CETV-1HD,中国教育1台
CETV1-中国教育,中国教育1台
CETV-1中国教育1台,中国教育1台
CETV1中国教育1台,中国教育1台
CETV-1中国教育一台,中国教育1台
CETV-1教育,CETV1
CETV-1教育1台,中国教育1台
CETV1教育1台,中国教育1台
CETV1教育综合,中国教育1台
CETV1综合教育频道,中国教育1台
CETV2,中国教育2台
CETV-2,中国教育2台
CETV2-中国教育,中国教育2台
CETV3,中国教育3台
CETV-3,中国教育3台
CETV3-中国教育,中国教育3台
CETV4,中国教育4台
CETV-4,中国教育4台
CETV4-中国教育,中国教育4台
CETV4空中课堂频道,中国教育4台
CETV早期教育,早期教育
CGTN.CN,CGTN
CGTNDOCUMENTARY,CGTN纪录
CGTN-DOCUMENTARY,CGTN纪录
CGTN-DOCUMENTARY高清,CGTN纪录
CGTNESPAÑOL,CGTN西语
CGTNFRANÇAIS,CGTN法语
CGTN-NEWS,CGTN
CGTNPУССКИЙ,CGTN俄语
CGTN-العربية,CGTN阿语
CGTNالعربية,CGTN阿语
CGTNРУССКИЙ,CGTN俄语
CGTN中国国际,CGTN
CGTN-俄罗斯语,CGTN俄语
CGTN-俄罗斯语国际,CCTVR俄语
CGTN-俄语,CGTN俄语
CGTN俄语,CCTVR俄语
CGTN-俄语国际,CGTN俄语
CGTN国际,CGTN
CGTN-新闻,CGTN
CGTN新闻,CGTN
CGTN-法语,CGTN法语
CGTN法语,CCTVF法语
CGTN-法语国际,CGTN法语
CGTN-纪录,CGTN纪录
CGTN纪录,CGTNDOCUMENTARY
CGTN-纪录国际,CGTN纪录
CGTN-纪录国际版,CGTN纪录
CGTN纪录(英),CGTNDOCUMENTARY
CGTN英文纪录,CGTNDOCUMENTARY
CGTN英文纪录(高清),CGTNDOCUMENTARY
CGTN英语,CGTN
CGTN-英语新闻,CGTN
CGTN西班牙,CGTN西语
CGTN-西班牙语,CGTN西语
CGTN西班牙语,CGTN西语
CGTN-西班牙语国际,CGTN西语
CGTN西语,CCTVE西语
CGTN记录,CGTNDocumentary
CGTN-阿拉伯语,CGTN阿语
CGTN阿拉伯语,CGTN阿语
CGTN-阿拉伯语国际,CGTN阿语
CGTN阿语,CCTVA阿语
CGTVIPV6,CGTN
CH29 三立台灣台SET,三立台湾台
CHCATV,CHC动作电影
CHCHD,CHC高清电影
CHCTV,CHC家庭影院
CHC动作,CHC动作电影
📀CHC动作电影,CHC动作电影
CHC-动作电影,CHC动作电影
CHC动作电影F,CHC动作电影
CHC动作电影IPV6,CHC动作电影
CHC家庭,CHC家庭影院
📀CHC家庭影院,CHC家庭影院
CHC-家庭影院,CHC家庭影院
CHC家庭影院F,CHC家庭影院
CHC家庭影院IPV6,CHC家庭影院
CHC家庭电影,CHC家庭影院
📀CHC高清电影,CHC高清电影
CHC-高清电影,CHC高清电影
CHC高清电影F,CHC高清电影
CHC高清电影IPV6,CHC高清电影
CHNCCTV1.CN,CCTV1
CHNCCTV4.CN,CCTV4
CHTV百姓健康,百姓健康
CITY都市剧场,都市剧场
CI侦缉,CI
CI犯罪调查,CI
CI罪案侦查,CI
CI罪案侦查频道,CI
CI罪案偵緝頻道,CI
CI罪案偵緝頻道(A)CRIMEINVESTIGATION,CI
CI罪案偵緝頻道(B)CRIMEINVESTIGATION,CI
CNA,CHANNELNEWSASIA
CNBC亚太财经,CNBCHONGKONG
CNN.US,CNN
CNN国际新闻频道,CNN
CNN头条新闻台,CNNHEADLINENEWS
CN卡通台,CN卡通
CN卡通频道,CN卡通
CN卡通频道(英),CN卡通
CQQMPD,汽摩
CQSEPD,重庆少儿
CQTV娱乐(超高清),重庆娱乐
CQTV娱乐高清,重庆娱乐
CQTV少儿高清,重庆少儿
CQTV少儿(高清),重庆少儿
CQTV影视(超高清),重庆影视
CQTV影视高清,重庆影视
CQTV新闻,重庆新闻
CQTV新闻(超高清),重庆新闻
CQTV新闻高清,重庆新闻
CQTV时尚生活(超高清),重庆时尚
CQTV时尚高清,重庆时尚
CQTV生活高清,重庆生活资讯
CQTV社会与法(超高清),重庆都市
CQTV科教(超高清),重庆科教
CQTV科教高清,重庆科教
CQTV都市高清,重庆都市
CWTV-中国气象,中国天气
DAVINCI,达文西
DAZN体育2台,ELEVEN体育二台
DISCOVERYSCIENCE,Discovery科学
DISCOVERY科学频道,DISCOVERY科学
DMAX(高清),DMAX
DW德国之声(ENGLISH),DW
EETV生态环境,生态环境
ELEVEN1,ELEVEN体育一台
ELEVEN2,ELEVEN体育二台
ELEVEN体育1,ELEVEN体育一台
ELEVEN体育2,ELEVEN体育二台
ELTA綜合,爱尔达综合
ELTA綜合LINE1,爱尔达综合
ELTV生活英語,ELTV
ELTV生活英语台,ELTV
ETTODAY综合台,ETTODAY
ETT综合,ETTODAY
北京纪实-1080P,北京纪实
EYETV戏剧,EYE戏剧
EYETV戏剧台,EYE戏剧
EYETV戲劇台,EYE戏剧
EYETV旅游,EYE旅游
EYETV旅游台,EYE旅游
EYETV旅遊台,EYE旅游
EYE旅遊,EYE旅游
F1直播,上海五星体育
FETV,福建教育
FGMGOLD,影迷数位电影
FOOD美食,FOODNETWORK美食台
GOODTV1,GOODTV
GOODTV真理台,GOODTV2
GOODTV綜合台,GOODTV
GTV网络棋牌,网络棋牌
HBO2,HBOHITS
HBO原创,HBOSIGNATURE
HBO原创钜献,HBOSIGNATURE
HBO家庭,HBOFAMILY
HBO強檔台,HBOHITS
HBO强档,HBOHITS
HBO强档钜献,HBOHITS
HBO温馨家庭,HBOFAMILY
HISTORY2頻道(A),HISTORY
HISTORY2頻道(B),HISTORY
HISTORY历史频道,HISTORY
HITS电影,HITS
HITS电影高清,HITS
HKC电影台,有线电影台
HLN,CNNHEADLINENEWS
HOYTV,香港开电视
ICABLENEWSCHANNEL.HK,有线新闻台
ICS外语,上视外语
I-FUN动漫2台,IFUN3
I-FUN动漫台,IFUN1
I-FUN動漫,IFUN1
IHOT爱体育,爱体育
IHOT爱动漫,爱动漫
IHOT爱喜剧,爱喜剧
IHOT爱奇谈,爱奇谈
IHOT爱幼教,爱幼教
IHOT爱怀旧,爱怀旧
IHOT爱悬疑,爱悬疑
IHOT爱旅行,爱旅行
IHOT爱浪漫,爱浪漫
IHOT爱玩具,爱玩具
IHOT爱电竞,爱电竞
IHOT爱科学,爱科学
IHOT爱科幻,爱科幻
IHOT爱经典,爱经典
IHOT爱谍战,爱谍战
IHOT爱赛车,爱赛车
IHOT爱都市,爱都市
IHOT爱院线,爱院线
IHOT爱青春,爱青春
J2台,J2
J5無線財經新聞,无线财经
JADE.HK,翡翠台
JW,中视
KAKU少儿,卡酷少儿
KIDS动画,MYKIDS
KLT靖天国际,靖天国际
LIFETIME娱乐,LIFETIME
LIFETIME娱乐频道,LIFETIME
LL,民视
LSTIME龙祥时代电影台,LSTIME电影台
LUXETVCHANNEL,LUXETV
MOMO少兒,MOMO亲子台
MOMO親子,MOMO亲子台
MTVLIVE,MTV
MTVLIVEHD音乐频道,MTV
MTV综合电视台,MTV综合
MY-KIDSTV,MY-KIDS
MYTV经典台,TVB经典台
NEWTV东北热剧,newtv热播精选
NEWTV明星大片,newtv精品综合
NEWTV海外剧场,newtv热播精选
NEWTV黑莓动画,黑莓动画
NEWTV黑莓电影,黑莓电影
NHKBSP4K,NHKWORLDPREMIUM
NHKWORLDTV,NHKWORLD
NICETV靖天欢乐台,靖天欢乐台
NICKJR.儿童频道,NICKJR.
NICKJR动画,NICKJR.
NOW星影台,NOW爆谷星影台
OUTDOORCHANNEL,OUTDOOR
PEARL.HK,明珠台
PHOENIXCHINESECHANNEL.HK,凤凰中文
PHOENIXINFONEWSCHANNEL.HK,凤凰卫视资讯台
QD11,QTV-1
QTV1,青岛新闻综合
QTV-1青岛新闻综合,青岛新闻综合
QTV2,青岛生活服务
QTV-2青岛生活服务,青岛生活服务
QTV3,青岛影视
QTV-3青岛影视,青岛影视
QTV4,青岛财经资讯
QTV-4青岛财经资讯,青岛财经资讯
QTV5,青岛都市
QTV-5青岛都市,青岛都市
QTV6,青岛青少旅游
ROCKENTERTAINMENT,BLUEANTENTERTAINMENT
ROCKEXTREME,BLUEANTEXTREME
ROCK娱乐,BLUEANTENTERTAINMENT
ROCK极限,BLUEANTEXTREME
SBN全球財經,SBN全球财经台
SCTV-02经济,SCTV2
SCTV-1,SCTV1
SCTV10峨嵋电影,峨嵋电影
SCTV10峨眉电影,峨嵋电影
SCTV11康巴卫视,康巴卫视
SCTV1四川卫视,四川卫视
SCTV-2,SCTV2
SCTV2经济高清,SCTV2
SCTV-3,SCTV3
SCTV3文化旅游,SCTV3
SCTV4新闻高清,SCTV4
SCTV5影视文艺,SCTV5
SCTV-7,SCTV7
SCTV7妇女儿童,SCTV7
SCTV8科教高清,SCTV8
SCTV9四川乡村,SCTV9
SITV-10乐游,全纪实
SITV-13新视觉,新视觉
SITV-1动漫秀场,动漫秀场
SITV-2游戏风云,游戏风云
SITV-3法治天地,法治天地
SITV-4劲爆体育,劲爆体育
SITV-5魅力足球,魅力足球
SITV-6金色学堂,金色学堂
SITV-7欢笑剧场,欢笑剧场
SITV-7欢笑剧场4K,欢笑剧场
SITV-8七彩戏剧,七彩戏剧
SITV-9生活时尚,生活时尚
SITV乐游,全纪实
SITV全纪实,全纪实
SITV动漫秀场,动漫秀场
SITV新视觉,新视觉
SITV欢笑剧场,欢笑剧场
SITV欢笑剧场4K,欢笑剧场
SITV法治天地,法治天地
SITV游戏风云,游戏风云
SITV生活时尚,生活时尚
SITV都市剧场,都市剧场
SITV都市剧场高清,都市剧场
SITV魅力足球,魅力足球
SNAKECCTV14,CCTV14
SNAKE_CCTV14,CCTV14
STARMOVIES,STARMOVIESHD
STARMOVIESHD(MOD),STARMOVIESHD
STARWORD,星卫娱乐
TFC(ABS-CBN),TFC
TLC旅遊生活,TLC旅游生活
TRACESPORTSTARS,TRACESPORTS
TRACE体育,TRACESPORTS
TRACE音乐,TRACEURBAN
TRACE音乐高清,TRACEURBAN
TVB,翡翠台
TVBJ2,J2
TVB J2,J2
TVBJADE.HK,翡翠台
TVBNEWSCHANNEL.HK,无线新闻
TVB PEARL,明珠台
TVBPEARL.HK,明珠台
TVBSHD,TVBS
TVBSLIVE,TVBS新闻台
TVBSNEWS新聞台,TVBS新闻台
TVBS新聞,TVBS新闻台
TVBS新聞台,TVBS新闻台
TVBS-精彩台TW,TVBS精采台
TVB新闻,无线新闻
TVB 无线新闻台,无线新闻
TVB 无线财经资讯台,无线财经
TVB明珠,明珠台
TVB星河台,TVB星河
TVB星河.备用,TVB星河
TVB星河频道,TVB星河
TVB無綫新聞,无线新闻
TVB無綫財經資訊,无线财经
TVB翡翠,翡翠台
TVB 翡翠台,翡翠台
TVB财经,无线财经
TVB财经体育资讯,无线财经
TVB财经体育资讯台,无线财经
[TW]ANIMAXHD,ANIMAX
[TW]AXN,AXN
[TW]AXNLINE1,AXN
[TW]BBCEARTH,BBCEARTH
[TW]BBCLIFESTYLECHANNEL,BBCLIFESTYLE
[TW]BRAVO中视青采,中视菁采台
[TW]BRAVO中视青采LINE1,中视菁采台
[TW]CATCHPLAY電影台,CATCHPLAY电影
[TW]CATCHPLAY電影台LINE1,CATCHPLAY电影
[TW]CATCHPLAY電影台MOVIE,CATCHPLAY电影
[TW]CINEMAXHD,CINEMAX
[TW]DW,DW
[TW]ELEVEN体育1,ELEVEN体育一台
[TW]ELEVEN体育2,ELEVEN体育二台
[TW]ELTA体育1台,爱尔达体育1
[TW]ELTA体育2台,爱尔达体育2
[TW]ELTA体育3台,爱尔达体育3
[TW]ELTA综合,爱尔达综合
[TW]EYETV旅遊台,EYE旅游
[TW]HBO,HBO
[TW]HBOLINE1,HBO
[TW]HBO原创,HBOSIGNATURE
[TW]HBO原创LINE1,HBOSIGNATURE
[TW]HBO家庭,HBOFAMILY
[TW]HBO家庭LINE1,HBOFAMILY
[TW]HBO强档,HBOHITS
[TW]HBO强档LINE1,HBOHITS
[TW]JETTV,JET综合台
[TW]JETTVLINE1,JET综合台
[TW]MOMO親子臺,MOMO亲子台
[TW]MTVLIVE,MTV
[TW]SMITHSONIANCHANNEL,AMC
[TW]SMITHSONIANCHANNELLINE1,AMC
[TW]TLC旅遊生活,TLC旅游生活
[TW]TLC旅遊生活LINE1,TLC旅游生活
[TW]TRAVELCHANNEL,TRAVELCHANNEL
[TW]TVBS,TVBS
[TW]TVBS-G欢乐台,TVBS欢乐台
[TW]TVBS-G欢乐台LINE1,TVBS欢乐台
[TW]TVBSLINE1,TVBS
[TW]TVBS-精彩台,TVBS精采台
[TW]TVBS-精彩台LINE1,TVBS精采台
[TW]WARNERTV,WARNERTV
[TW]三立台湾,三立台湾台
[TW]三立台湾LINE1,三立台湾台
[TW]三立新闻,三立新闻台
[TW]三立新闻LINE1,三立新闻台
[TW]三立都会LINE1,三立都会台
[TW]三立都會,三立都会台
[TW]东森洋片,东森洋片台
[TW]东森电影台,东森电影台
[TW]中天亚洲CTIASIA,中天亚洲台
[TW]中天亚洲CTIASIALINE1,中天亚洲台
[TW]中天娱乐,中天娱乐台
[TW]中天娱乐LINE1,中天娱乐台
[TW]中视,中视
[TW]中视LINE1,中视
[TW]亞洲美食頻道,亚洲美食
[TW]人间卫视,人间卫视
[TW]八大娛樂台,八大娱乐台
[TW]八大娛樂台LINE1,八大娱乐台
[TW]八大戏剧,八大戏剧台
[TW]八大戏剧LINE1,八大戏剧台
[TW]八大第一,八大第一台
[TW]八大第一LINE1,八大第一台
[TW]八大综合,八大综合台
[TW]八大综合LINE1,八大综合台
[TW]公视LINE1,公视
[TW]动物星球ANIMALPLANET,动物星球
[TW]动物星球ANIMALPLANETLINE1,动物星球
[TW]卫视HD电影SCM,HITS
[TW]卫视HD电影SIMLINE1,HITS
[TW]卫视电影台MOVIESCM,卫视电影台
[TW]卫视电影台SCMLINE1,卫视电影台
[TW]卫视电影台SCMTL,卫视电影台
[TW]历史频道2HISTORY2,HISTORY
[TW]历史频道HISTORY1,HISTORY
[TW]台视,台视
[TW]國家地理高畫質野生,国家地理(台湾)
[TW]壹電視新聞台,壹电视新闻台
[TW]壹電視新聞台LINE1,壹电视新闻台
[TW]大爱二台,大爱二台
[TW]大爱电视,大爱一台
[TW]天映经典MOVIE,天映经典
[TW]好莱坞电影台,好莱坞电影台
[TW]好莱坞电影台LINE1,好莱坞电影台
[TW]愛爾達影劇台,爱尔达影剧
[TW]愛爾達影劇台LINE1,爱尔达影剧
[TW]探索科学,DISCOVERY科学
[TW]探索频道ASIA,DISCOVERYASIA
[TW]星卫HD电影MOVIE,星卫HD电影
[TW]星卫HD电影MOVIETL,星卫HD电影
[TW]星卫电影,星卫HD电影
[TW]星衛娱乐台,星卫娱乐
[TW]星衛娱乐台LINE1,星卫娱乐
[TW]東森戲劇台,东森戏剧台
[TW]東森戲劇台LINE1,东森戏剧台
[TW]東森洋片,东森洋片台
［TW]東森洋片,东森洋片台
[TW]東森洋片LINE1,东森洋片台
[TW]東森洋片MOVIE,东森洋片台
[TW]東森电影台,东森电影台
[TW]東森电影台LINE1,东森电影台
[TW]東森电影台MOVIE,东森电影台
[TW]東森綜合台,东森综合台
[TW]纬来体育,纬来体育台
[TW]纬来体育LINE1,纬来体育台
[TW]纬来戏剧緯來戲劇,纬来戏剧台
[TW]纬来戏剧緯來戲劇LINE1,纬来戏剧台
[TW]纬来日本,纬来日本台
[TW]纬来日本LINE1,纬来日本台
[TW]纬来电影,纬来电影台
［TW]纬来电影,纬来电影台
[TW]纬来电影LINE1,纬来电影台
[TW]纬来精彩,纬来精采
[TW]纬来精彩LINE1,纬来精采
[TW]纬来综合,纬来综合台
[TW]纬来综合LINE1,纬来综合台
[TW]罪案侦缉频道,CI
[TW]罪案侦缉频道LINE1,CI
[TW]美亚电影,美亚高清电影台
[TW]美亚电影台,美亚高清电影台
[TW]美亚电影台LINE1,美亚高清电影台
[TW]美亚电影台MOVIE,美亚高清电影台
[TW]美食星球,美食星球
[TW]美食星球LINE1,美食星球
[TW]衛視中文HDSTARCHINESECHANNELHD,卫视中文台
[TW]衛視中文HDSTARCHINESEHDLINE1,卫视中文台
[TW]龙祥电影,LSTIME电影台
VIUTV6,VIUTVSIX
WAKUWAKUJAPANE,WAKUWAKU
Z頻道,Z
三立INEWS,三立财经新闻台
三立INEWS高清,三立财经新闻台
三立台灣,三立台湾台
三立台灣台,三立台湾台
三立戏剧三立戲劇,三立戏剧
三立综合台TL,三立综合台
三立臺灣台,三立台湾台
三立财经新闻台INEWS,三立财经新闻台
上海ICS,上视外语
上海ICS外语,上海外语
上海ICS外语高清,上海外语
上海东方卫视,东方卫视
上海东方影视,东方影视
上海乐游,全纪实
上海五星体育,五星体育
上海五星体育HD,上海五星体育
上海体育,五星体育
上海卫视,东方卫视
上海卫视HD,东方卫视
上海哈哈炫动,炫动卡通
上海外语,上视外语
上海外语频道,上视外语
上海外语高清,上视外语
上海新闻综合,上海新闻综合
上海新闻综合HD,上视新闻
上海新闻综合频道,上海新闻综合
上海新闻高清,上视新闻
上海生活时尚,生活时尚
上海纪实人文,上视纪实人文
上海综合,上视新闻
上海综合高清,上视新闻综合
上海都市剧场HD,SITV都市剧场
上海都市频道,上海都市
上视东方影,上视东方影视
上视体育,五星体育
上视外语频道,上海外语
上视教育,上海教育
上视新闻频道,上海新闻综合
上视新闻频道HD,上海新闻综合
上视纪实,上海纪实
🌏世界地理,世界地理
世界电影,CINEMAWORLD
东南卫视HD,东南卫视
东南电视台,东南卫视
东方卫视F,东方卫视
东方卫视HD,东方卫视
东方影视,东方电影
东方新闻,上视新闻
东方电视台,东方卫视
东方财经,SITV14
东方都市,上海都市
东风37,东风卫视
中华功夫,武术世界
中国教育高清,中国教育1台
中国气象,中国天气
中国气象标清,中国天气
中国电影,1905电影
中天娛樂,中天娱乐台
中央①,CCTV1
中央1,CCTV1
中央10台,CCTV10
中央11台,CCTV11
中央12台,CCTV12
中央13台,CCTV13
中央-13高清,CCTV13
中央14台,CCTV14
中央15台,CCTV15
中央15套,cctv15
中央16台,CCTV16
中央17台,CCTV17
中央1台,CCTV1
中央2台,CCTV2
中央3台,CCTV3
中央4K台,CCTV4K
中央4台,CCTV4
中央5台,CCTV5
中央6台,CCTV6
中央7台,CCTV7
中央8台,CCTV8
中央9台,CCTV9
中央一,CCTV1
中央一台,CCTV1
中央一套,CCTV1
中央一套高清,CCTV1
中央七台,CCTV7
中央七套,CCTV7
中央三台,CCTV3
中央三套,CCTV3
中央九台,CCTV9
中央九套,CCTV9
中央二台,CCTV2
中央二套,CCTV2
中央五台,CCTV5
中央五套,CCTV5
中央体育,cctv5
中央八台,CCTV8
中央八套,CCTV8
中央六台,CCTV6
中央六套,CCTV6
中央农业,cctv17
中央十一台,cctv11
中央十七套,CCTV17
中央十二套,CCTV12
中央十二高清,CCTV12
中央十台,CCTV10
中央十套,CCTV10
中央四台,CCTV4
中央四套,CCTV4
中央国防,cctv7
中央国际,cctv4
中央奥运,cctv16
中央奥运4K,CCTV16
中央少儿,cctv14
中央戏曲,cctv11
中央新影-中学生,中学生
中央新影-发现之旅,发现之旅
中央新影老故事,老故事
中央新影-老故事,老故事
中央新闻,cctv13
中央新闻高清,CCTV13
中央电影,cctv6
中央电视,cctv8
中央电视台1,CCTV1
中央电视台10,CCTV10
中央电视台11,CCTV11
中央电视台12,CCTV12
中央电视台13,CCTV13
中央电视台14,CCTV14
中央电视台15,CCTV15
中央电视台16,CCTV16
中央电视台2,CCTV2
中央电视台3,CCTV3
中央电视台4,CCTV4
中央电视台5,CCTV5
中央电视台6,CCTV6
中央电视台7,CCTV7
中央电视台8,CCTV8
中央电视台9,CCTV9
中央社法,cctv12
中央科教,cctv10
中央科教高清,CCTV14
中央综合,cctv1
中央综艺,cctv3
中央记录,cctv9
中央记录高清,CCTV9
中央财经,cctv2
中央赛事,CCTV5+
中央超清,cctv4k
中央音乐,cctv16
中山香山文化,中山公共
中数高尔夫网球,高尔夫网球
中文国际,cctv4
中文国际4台,CCTV4
中文欧洲,CCTV4欧洲
中文美洲,CCTV4美洲
中視,中视
中視菁采,中视菁采台
中视新闻台,中视新闻
之江纪录,浙江数码时代
乐游,全纪实
乐游F,全纪实
书画频道,书画
云南卫视HD,云南卫视
云南卫视标清,云南卫视
云南康旅,云南公共
云南电视台,云南卫视
五星体育,上海五星体育
五星体育频道,上海五星体育
亚洲新闻台,CHANNELNEWSASIA
亚洲旅游台LINE1,亚洲旅游台
亚洲电影,浙江亚洲影院
人間衛視,人间卫视
体育5台,CCTV5
体育财经资讯,无线财经
体育赛事,CCTV5+
你找我,上海
八大优频道,八大优
八大第1台,八大第一台
公共電視台,公视
公視3,公视三台
公視3台,公视三台
公視HD,公视
公視三台,公视三台
公視台語台,公视2
公视3,公视三台
公视台语台,公视2
公视台语台(公视2),公视2
兰州文旅频道,兰州公共
兰州经济高清,兰州生活经济
兰州综合高清,兰州新闻综合
兵团卫视标清,兵团卫视
内蒙卫视,内蒙古卫视
内蒙古农牧频道,内蒙古农牧
内蒙古卫视标清,内蒙古卫视
内蒙古少儿频道,内蒙古少儿
农业农村17台,CCTV17
农林卫视,陕西农林卫视
⚡️农科,山东农科
冬奥纪实-4K,冬奥纪实
冬奥纪实-8K,冬奥纪实
🇭🇰凤凰中文,凤凰中文
凤凰中文2,凤凰中文
凤凰中文5,凤凰中文
凤凰中文F,凤凰中文
凤凰中文「IPV6」,凤凰中文
凤凰中文台,凤凰卫视中文台
凤凰中文.备用,凤凰香港
凤凰卫视,凤凰中文
凤凰卫视中文台,凤凰中文
凤凰卫视电影台,凤凰电影台
凤凰卫视资讯,凤凰资讯
凤凰卫视资讯台,凤凰资讯
凤凰卫视香港台,凤凰香港
凤凰资讯,凤凰卫视资讯台
🇭🇰凤凰资讯,凤凰资讯
凤凰资讯2,凤凰资讯
凤凰资讯5,凤凰资讯
凤凰资讯F,凤凰资讯
凤凰资讯HD,凤凰资讯
凤凰资讯「IPV6」,凤凰资讯
凤凰资讯台,凤凰资讯
凤凰香港,凤凰卫视香港台
🇭🇰凤凰香港,凤凰香港
凤凰香港F,凤凰香港
凤凰香港「IPV6」,凤凰香港
凤凰香港台,凤凰香港
动作电影,NeWTV动作电影
动漫秀场F,动漫秀场
动物星球(英),动物星球
北京,北京财经
北京4K电影,北京4K
北京IPTV4K,北京4K
北京IPTV4K超清,北京4K
北京IPTV大健康,北京大健康
北京体育休闲,北京体育
北京冬奥纪实,冬奥纪实
北京卡酷少儿,卡酷少儿
北京卡酷少儿F,卡酷少儿
🇨🇳北京卫视,北京卫视
北京卫视16M1,北京卫视
北京卫视F,北京卫视
北京卫视HD,北京卫视
北京卫视MAX16M,北京卫视
北京国际,北京国际频道
北京少儿,卡酷少儿
北京影视1,北京影视
北京影视2,北京影视
北京文艺1,北京文艺
北京文艺2,北京文艺
北京新闻1,北京新闻
北京新闻2,北京新闻
北京新闻3,北京新闻
北京生活1,北京生活
北京生活2,北京生活
北京电视台,北京卫视
北京纪实科教,北京纪实
北京纪实科教BTV3,BTV科教
北京纪实科教F,北京纪实
北京纪实科教IPV6,北京纪实
北京财经1,北京财经
北京财经2,北京财经
千禧经典台,TVB经典台
半岛国际新闻台,ALJAZEERA
半岛新闻,半岛英语
半岛电视台,ALJAZEERA
华夏影视,北京影视
华数少儿动漫,数少儿动漫
华数求索动物,求索动物
华数求索科学,求索科学
华数精彩影视,浙江精彩影视
华纳电影台,WarnerTV
华艺MBC综合台,华艺MBC
华艺综合,华艺MBC
南京新闻,南京新闻综合
南方卫视(上星版),南方卫视
南通都市生活,南通社教
博斯无限II,博斯无限二台
博斯运动1,博斯运动一台
博斯运动1台,博斯运动一台
博斯运动2,博斯运动二台
博斯运动2台,博斯运动二台
博斯运动I,博斯运动一台
博斯运动II,博斯运动二台
博斯高球I,博斯高球1台
博斯高球II,博斯高球2台
博斯高球一台,博斯高球1台
博斯高球二台,博斯高球2台
卡酷动画,卡酷少儿
卡酷动画标清,卡酷动画
卡酷卡通,卡酷动画
卡酷少儿,卡酷动画
卫视合家欢,FOX
卫视洋片,STARMOVIESHD
历史频道,HISTORY
历史频道高清,HISTORY
原住民族电视台,原住民
原住民族電視台,原住民
原住民频道,原住民
厦门1,厦门一套
厦门-1,厦门一套
厦门2,厦门二套
厦门-2,厦门二套
厦门-3,厦门三套
台湾,tvbs
台視,台视
台視綜合,台视综合台
台视綜合,台视综合台
台视綜合TLLL,台视综合台
吉林乡村,吉视乡村
吉林乡村高清,吉视乡村
吉林公共,吉视公共新闻
吉林公共新闻,吉视生活
吉林卫视1,吉林卫视
吉林卫视2,吉林卫视
吉林卫视F,吉林卫视
吉林卫视HD,吉林卫视
吉林卫视标清,吉林卫视
吉林延边卫视,延边卫视
吉林影视,吉视影视
吉林生活,吉视生活
吉林电视台,吉林卫视
吉林篮球,篮球
吉林综艺,吉视综艺文化
吉林综艺文化,吉视综艺文化
吉林都市,吉视都市
吉林都市高清,吉视都市
呼和浩特影视娱乐,呼和浩特影视
呼和浩特新闻综合,呼和浩特综合
呼和浩特都市生活,呼和浩特都市
咪咕体育,咪咕24小时体育
咪咕精彩足球,咪咕足球
咪咕视频-21,CCTV5+
哈哈炫动F,哈哈炫动
嘉佳卡通标清,嘉佳卡通
嘉佳卡通高清,嘉佳卡通
嘻嘻体委一,cctv1
四川乡村,SCTV9
四川乡村频道,SCTV9
四川乡村高清,SCTV9
四川儿童,SCTV7
四川儿童高清,SCTV7
四川卫视F,四川卫视
四川卫视HD,四川卫视
四川妇儿,SCTV7
四川妇女,SCTV7
四川妇女儿童,SCTV7
四川峨眉电影,峨嵋电影
四川康巴卫视,康巴卫视
四川影视,SCTV5
四川影视文艺,SCTV5
四川影视高清,SCTV5
四川文化,SCTV3
四川文化旅游,SCTV2
四川文旅,SCTV2
四川文旅高清,SCTV2
四川新闻,SCTV4
四川新闻资讯,SCTV4
四川新闻高清,SCTV4
四川电影,SCTV2
四川电视台,四川卫视
四川科教,SCTV8
四川科教频道,SCTV8
四川科教高清,SCTV8
四川经,SCTV3
四川经济,SCTV3
四川经济频道,SCTV3
四川经济高清,SCTV3
四川经视,SCTV3
国学频道,国学
国家地理台湾,国家地理(台湾)
国家地理台湾频道,国家地理(台湾)
国家地理频道,国家地理
国防军事7台,CCTV7
国际俄语,CGTN俄语
国际法语,CGTN法语
国际英语,CGTN
国际西语,CGTN西语
国际记录,CGTNDocumentary
国际阿语,CGTN阿语
在白吧唧,湖南卫视
壹新闻,壹电视新闻台
壹电影,壹电视电影台
壹综合,壹电视综合台
大愛一台,大爱一台
大愛二台,大爱二台
大海里的鱼,cctv1
大湾区卫视,南方卫视
大爱1台,大爱一台
大爱2台,大爱二台
大爱电视台,大爱一台
天津体育频道,天津体育
天津卫视F,天津卫视
天津卫视HD,天津卫视
天津影视频道,天津影视
天津文艺频道,天津文艺
天津新闻HD,天津新闻
天津新闻频道,天津新闻
天津电视台,天津卫视
天津都市频道,天津都市
央視新聞,CCTV13
央视-1,CCTV1
央视-10,CCTV10
央视-11,CCTV11
央视-12,CCTV12
央视-13,CCTV13
央视-14,CCTV14
央视-15,CCTV15
央视-16,CCTV16
央视-17,CCTV17
央视1套,CCTV1
央视-2,CCTV2
央视-3,CCTV3
央视-4,CCTV4
央视-5,CCTV5
央视-5+,CCTV5+
央视-6,CCTV6
央视-7,CCTV7
央视-8,CCTV8
央视-9,CCTV9
央视体育,CCTV5
央视少儿,CCTV14
央视文化精品,央视精品
央视新闻,cctv13
央视时尚,女性时尚
央视欧洲,CCTV4欧洲
央视美洲,CCTV4美洲
央视超清UHD,CCTV4K
央视超高清,CCTV4K
央视高尔夫网球,高尔夫网球
央视高网,高尔夫网球
奥林匹克16台,CCTV16
奥林匹克4K,cctv16
奥运频道UHD,CCTV16
女型时尚,女性时尚
女姓时尚,女性时尚
女生时尚,女性时尚
好消息,GOODTV
好消息1,GOODTV
好消息二台,GOODTV2
好消息频道,GOODTV
宁夏卫视标清,宁夏卫视
宁夏电视台,宁夏卫视
安徽体育,安徽综艺体育
安徽卫视FHD,安徽卫视
安徽卫视HD,安徽卫视
安徽电视台,安徽卫视
安徽科教,安徽农业科教
安徽科教高清,安徽农业科教
安徽经视,安徽经济生活
安徽综艺,安徽综艺体育
实打实的,cctv1
客家电视,客家电视台
寰宇新聞台,寰宇新闻
寰宇综合,寰宇HD综合
小尼克频道,NICKJR.
少儿14台,CCTV14
尼克儿童频道,NICKELODEON
尼克动画,NICKELODEON
山东体育休闲,山东体育
山东体育高清,山东体育
⚡️山东卫视,山东卫视
山东卫视F,山东卫视
山东卫视HD,山东卫视
山东卫视(高清),山东卫视
山东卫视高清),山东卫视
山东教育高清,山东教育卫视
山东文旅,山东影视
山东文旅2,山东影视
山东生活高清,山东生活
山东电视台,山东卫视
山东综艺高清,山东综艺
山东齐鲁频道,山东齐鲁
山东齐鲁高清,山东齐鲁
山西卫视标清,山西卫视
山西文体生活,山西公共
山西文体高清,山西公共
山西法治,山西社会与法治
山西电视台,山西卫视
山西社会与法治,山西科教
山西经济与科技,山西经济
山西黄河,黄河卫视
山西黄河高清,黄河卫视
峨眉电影,峨嵋电影
常州新闻综合,常州新闻
年代MUCHTV,年代MUCH
广东4K综艺,4K综艺
广东4K超高清,广东综艺
广东体育高清,广东体育
广东南方卫视,南方卫视
广东卫视F,广东卫视
广东卫视HD,广东卫视
广东卫视高清,广东卫视
广东嘉佳卡通,嘉佳卡通
广东嘉佳卡通高清,嘉佳卡通
广东大大打,广东公共
广东大湾区卫视,南方卫视
广东影视高清,广东影视
广东新闻.720,广东新闻
广东新闻VIP,广东新闻
广东新闻高清,广东新闻
广东民生,广东公共
广东民生高清,广东公共
广东珠江,珠江
广东珠江频道.720,珠江
广东珠江高清,广东珠江
广东电视台,广东卫视
广东科教,广东经济科教
广东综艺4K,广东综艺
广东综艺•4K,广东综艺
广东翡翠,翡翠台
广州影视.720,广州影视
广州综合.720,广州综合
广西卫视F,广西卫视
广西卫视HD,广西卫视
广西卫视标清,广西卫视
广西影视高清,广西影视
广西新闻高清,广西新闻
广西电视台,广西卫视
广西综艺 高清,广西综艺
广西都市 高清,广西都市
康巴藏语综合,康巴卫视
彭博财经台,BLOOMBERGTV
影迷电影,影迷数位电影
影迷纪实台,影迷数位纪实
影迷纪实高清,影迷数位纪实
德国_DW-TV,DW
德国_DW-TVEGLISH,DW
德国之声,DW
快乐垂钓F,快乐垂钓
恐怖电影台,Thrill
惠州新闻综合,HZTV1
愛爾達綜合,爱尔达综合
愛爾達綜合台,爱尔达综合
愛爾達體育1台,爱尔达体育1
愛爾達體育2台,爱尔达体育2
愛爾達體育3台,爱尔达体育3
愛爾達體育3臺,爱尔达体育3
戏曲11台,CCTV11
成都公共,CDTV5
成都公共频道,CDTV5
成都公共高清,CDTV5
成都少儿,CDTV6
成都少儿频道,CDTV6
成都影视,CDTV4
成都影视文艺,CDTV4
成都新闻综合,CDTV1
成都生活,CDTV3
成都生活高清,CDTV3
成都经济,CDTV2
成都经济咨询,CDTV2
成都经济资讯,CDTV2
成都综合,CDTV1
成都综合高清,CDTV1
成都都市,CDTV3
成都都市生活,CDTV3
我的欧洲电影,MYCINEMAEUROPE
户外频道高清,Outdoor
探索亚洲,DISCOVERYASIA
探索动力,DMAX
探索发现频道,DISCOVERY
探索科学,Discovery科学
探索科学频道,DISCOVERY科学
探索科学高清,DISCOVERY科学
探索頻道,DISCOVERY
探索频道,DISCOVERY
探索频道亚洲,DISCOVERYASIA
探索频道(亚洲),DISCOVERYASIA
教科影视高清,浙江教科影视
教育2台,中国教育2台
教育一套,中国教育1台
教育三套,中国教育3台
教育二套,中国教育2台
教育四套,中国教育4台
文体生活,山西公共
新加坡_CNA,CHANNELNEWSASIA
新疆10台,新疆体育健康
新疆12台,新疆少儿
新疆-4台,新疆汉语综艺
新疆-7台,新疆汉语经济
新疆兵团卫视,兵团卫视
新疆影视高清,新疆汉语影视
新疆电视台,新疆卫视
新疆经济高清,新疆汉语经济
⚡️新闻,山东新闻
新闻13台,CCTV13
新闻综合,上海新闻综合
无线J2,J2
无线新闻台.720,无线新闻
无线财经,J5
无线财经体育资讯台.720,无线财经
无线财经资讯台,无线财经
日本,NHK
日本_NHKWORLD,NHKWORLD
日本_NHKWORLDPREMIUM,NHKWORLDPREMIUM
时代华纳,WARNERTV
明星大片,newtv精品综合
星卫电影,星卫HD电影
星卫电影台,星卫HD电影
晴天日本,靖天日本台
有線衛視電影台,卫视电影台
有線財經資訊,有线财经资讯台
有线603,香港603
杭州4,杭州影视
杭州影,杭州影视
杭州影视高清,杭州影视
杭州明珠,杭州西湖明珠
杭州生活高清,杭州生活
杭州综合高清,杭州综合
杭州青少高清,杭州少儿
東森YOYO,东森幼幼台
東森幼幼,东森幼幼台
東森新聞|全球,东森新闻台
東森新聞-全球,东森新闻台
東森新聞ㆍ全球,东森新闻台
東森新聞ㆍ台湾,东森新闻台
查频道,茶
梦工厂,DREAMWORKS
梦工厂动画,DREAMWORKS
梦工厂动画高清,DREAMWORKS
梨园频道,河南梨园
欢笑剧场4K,欢笑剧场
欢笑剧场F,欢笑剧场
欧洲体育,EUROSPORT
欧洲体育台,EUROSPORT
欧洲新闻,EURONEWS
欧美电影,浙江欧美影院
武汉1台新闻综合,武汉新闻综合
武汉1-新闻综合,武汉新闻综合
武汉2台电视剧,武汉电视剧
武汉2-电视剧,武汉电视剧
武汉3台科技生活,武汉科技生活
武汉3-科技生活,武汉科技生活
武汉4台经济,武汉经济
武汉4-经济,武汉经济
武汉5台文体,武汉文体
武汉5-文体,武汉文体
武汉5-文体-720P（有时版权原因无法播放）,武汉文体
武汉6台外语,武汉外语
武汉6-外语,武汉外语
武汉教育,武汉教育电视台
歷史頻道,HISTORY
每,民视第一台
民生休闲高清,浙江民生
民視,民视第一台
民視第,民视第一台
民視第一,民视第一台
民視第一台LINE1,民视第一台
民视HDLINE1,民视
水电费,星卫HD电影
求索动物,浙江求索动物
求索动物F,求索动物
求索生活,浙江求索生活
求索纪录,求索记录
求索纪录1,求索记录
求索纪录2,求索记录
求索纪录4K,求索纪录
求索纪录F,求索记录
求索纪录高清,求索纪录
求索记录,求索纪录
汕头一套HD,汕头综合
汕头二套HD,汕头经济生活
汕头综合HD,汕头综合
汕头综合高清,汕头综合
江苏体育,江苏休闲体育
江苏体育休闲,江苏休闲体育
江苏公共·新闻,江苏公共新闻
江苏公共新闻HD,江苏公共新闻
江苏公新,江苏公共新闻
江苏卫视F,江苏卫视
江苏卫视HD,江苏卫视
江苏卫视高清,江苏卫视
江苏城市HD,江苏城市
江苏影视HD,江苏影视
江苏教育,江苏教育电视台
江苏新闻,江苏公共新闻
江苏新闻频道,江苏公共新闻
江苏电视台,江苏卫视
江苏综艺HD,江苏综艺
江西公共,江西公共农业
江西卫视,江西卫视
江西卫视F,江西卫视
江西卫视HD,江西卫视
江西影视,江西影视旅游
江西影视高清,江西旅游影视
江西新闻HD,江西少儿
江西旅游,江西影视旅游
江西生活,江西经济生活
江西电视台,江西卫视
江西陶瓷,陶瓷
沈阳新闻综合,沈阳新闻
沈阳综合高清,沈阳新闻
河北卫视F,河北卫视
河北卫视HD,河北卫视
河北影视剧,河北影视
河北影视剧频道,河北影视
河北电视台,河北卫视
河北经济生活,河北经济
河南乡村,河南新农村
河南卫视F,河南卫视
河南卫视HD,河南卫视
河南卫视高清,河南卫视
河南戏曲,河南梨园
河南文物宝库,文物宝库
河南梨园频道,梨园
河南武术世界,武术世界
河南电视台,河南卫视
泉州一套,泉州新闻
法国24台,FRANCE24
法国TV5MONDE,TV5MONDE
法国时尚台,FASHIONTV
法广新闻,FRANCE24
泰州-1台,泰州一套
泰州-3台,泰州三套
泰州影视娱乐,泰州三套
泰州新闻综合,泰州一套
济南新闻综合,济南综合
浙江之江纪录,浙江数码时代
浙江卫视F,浙江卫视
浙江卫视HD,浙江卫视
浙江卫视高清,浙江卫视
浙江少儿高清,浙江少儿
浙江教科,浙江教科影视
浙江教科台,浙江教育科技
浙江教科高清,浙江教育科技
浙江教育,浙江教科影视
浙江教育科技,浙江教科影视
浙江教育高清,浙江教育科技
浙江新闻,浙江公共新闻
浙江新闻高清,浙江公共新闻
浙江民生,浙江民生休闲
浙江民生台,浙江民生休闲
浙江民生高清,浙江民生休闲
浙江生活,浙江经视
浙江电视台,浙江卫视
浙江纪录,浙江数码时代
浙江经济,浙江经视
浙江经济生活,浙江经视
浙江经视高清,浙江经视
浙江钱江,浙江钱江都市
浙江钱江台,浙江钱江都市
海南三沙卫视,三沙卫视
海南卫视F,海南卫视
海南卫视HD,海南卫视
海南卫视标清,海南卫视
海南电视台,海南卫视
海南自贸,海南文旅
海峡卫视,海峡卫视
深圳体育,深视体育健康
深圳体育健康,深视体育健康
深圳卫视HD,深圳卫视
深圳电视,深圳卫视
深圳电视台,深圳卫视
深圳财经生活.720,深圳财经生活
清远文旅生活,清远公共
港台,CCTV6
游戏风云F,游戏风云
湖北公共,湖北卫视
湖北公共新闻,湖北公共·新闻
湖北卫视HD,湖北卫视
湖北卫视高清,湖北卫视
湖北电视台,湖北卫视
湖北经视,湖北经济
湖南,湖南卫视
湖南先锋乒羽,先锋乒羽
湖南卫视,湖南卫视
🍋湖南卫视,湖南卫视
湖南卫视F,湖南卫视
湖南卫视HD,湖南卫视
湖南卫视高清,湖南卫视
湖南国际,湖南卫视国际
湖南国际频道,湖南卫视国际
湖南快乐垂钓,快乐垂钓
湖南潇湘电影,湖南电影
湖南爱晚,湖南公共
湖南爱晚高清,湖南公共
湖南电视台,湖南卫视
湖南茶频道,茶
湖南衛視,湖南卫视
湖南金鹰卡通,金鹰卡通
湖南金鹰纪实,金鹰纪实
滚动力ROLLOR,ROLLOR
滚动力纪实,ROLLOR
滚动力纪实高清,ROLLOR
滚动力高清,ROLLOR
潇湘电影,湖南电影
澳門蓮花,莲花卫视
澳门莲花,莲花卫视
炫动,哈哈炫动
無綫新聞1,无线新闻
無綫新聞台,无线新闻
無綫財經體育資訊台,无线财经
無綫財經·體育·資訊台,无线财经
無線新聞1,无线新闻
無線財經·體育·資訊台,无线财经
爱动漫高清,爱动漫
爱喜剧高清,爱喜剧
爱奇谈高清,爱奇谈
爱幼教高清,爱幼教
爱怀旧高清,爱怀旧
爱悬疑高清,爱悬疑
爱放动漫,iFun1
爱温江,WENJIANG
爱玩具高清,爱玩具
爱电竞高清,爱电竞
爱科幻高清,爱科幻
爱经典高清,爱经典
爱谍战高清,爱谍战
爱赛车高清,爱赛车
爱都市高清,爱都市
爱院线高清,爱院线
爱青春高清,爱青春
狼谷娛樂,狼谷竞技
狼谷育乐,狼谷竞技
环球电视,CGTN
环球电视俄语,CGTN俄语
环球电视法语,CGTN法语
环球电视纪录,CGTN纪录
环球电视西语,CGTN西语
环球电视阿语,CGTN阿语
珠江频道,珠江
珠海1,珠海新闻
珠海2,珠海生活
珠海高清一,珠海新闻
珠海高清二,珠海生活
甘肃公共应急,甘肃公共
甘肃卫视F,甘肃卫视
甘肃卫视标清,甘肃卫视
甘肃影视,甘肃文化影视
甘肃电视台,甘肃卫视
生命电视台,生命
⚡️生活,山东生活
电影6台,CCTV6
电视剧8台,CCTV8
知识频道,SMART知识
社会与法12台,CCTV12
社会法制,山西社会与法治
神话出品,民视第一台
福州一套,福州新闻
福州二套,福州影视
福州四套,福州少儿
福建东南卫视,东南卫视
福建东南卫视高清,东南卫视
福建乡村振兴公共,福建公共
福建乡村振兴·公共频道,福建公共
福建乡村振兴•公共频道,福建公共
福建乡村振兴•公共高清,福建公共
福建卫视HD,东南卫视
福建厦门1套,厦门一套
福建厦门2套,厦门二套
福建厦门3套,厦门三套
福建厦门卫视,厦门卫视
福建文体,福建体育
福建文体频道,福建文体
福建新闻频道,福建新闻
福建海峡卫视,海峡卫视
科教10台,CCTV10
第一台,民视第一台
第一财经F,上海第一财经
第一财经.备用,上海第一财经
精彩影视,浙江精彩影视
精彩影视高清,浙江精彩影视
索尼动画,ANIMAX
索尼动画高清,ANIMAX
緯來日本,纬来日本台
纪实人文,上海纪实
纪实人文F,上海纪实人文
纪实科教,北京纪实
纪录9台,CCTV9
纯享4K1,纯享4k
纯享4K2,纯享4k
纯享4KUHD,纯享4K
纯享超清,纯享4K
纯享频道,纯享4K
经济与科技,山西经济
综合,CCTV1
综合1台,CCTV1
综合一台,CCTV1
综艺3台,CCTV3
美亚电影,美亚高清电影台
美亚电影台,美亚高清电影台
美亚电影(香港),美亚高清电影台
美亚高清电影台(香港),美亚高清电影台
美亞電影台,美亚高清电影台
美国国家地理频道,国家地理(台湾)
美食星球频道,美食星球
翡翠台2,翡翠台
翡翠台(DTMB),翡翠台
翡翠台广电,翡翠台
翡翠台[港版],翡翠台
翡翠台高清,翡翠台
翡翠臺,翡翠台
翡翠臺2,翡翠台
聊城,CCTV1
肇庆综合,肇庆新闻
范德萨范德萨,cctv1
茶频道,茶
茶频道F,茶
莲华卫视,莲花卫视
衛視西片,STARMOVIESHD
西宁新闻综合高清,西宁综合
西宁生活服务高清,西宁生活
西安一台,西安新闻综合
西安三台,西安商务资迅
西安二台,西安都市
西安商务,西安商务资迅
西安商务资讯,西安商务资迅
西安四台,西安影视
西安新闻,西安新闻综合
西湖明珠高清,杭州西湖明珠
西藏卫视标清,西藏卫视
西藏电视台,西藏卫视
西部电影,陕西八套
视纳华仁纪实频道,CNEX
记录9台,CCTV9
证券服务,证券资讯
財經體育資訊台,无线财经
财经,CCTV2
财经2台,CCTV2
财经体育咨询台,无线财经
贵州-1,贵州卫视
贵州2,贵州公共
贵州-2公共频道,贵州公共
贵州2套,贵州法制
贵州-3,贵州影视文艺
贵州-3影视文艺,贵州影视文艺
贵州-4,贵州大众生活
贵州-4大众生活,贵州大众生活
贵州-5,贵州法制
贵州-5第五频道,贵州法制
贵州-6,贵州科教健康
贵州-6科教健康,贵州科教健康
贵州公共频道,贵州公共
贵州卫视-2,贵州公共
贵州卫视-3,贵州大众生活
贵州卫视-4,贵州大众生活
贵州卫视-5,贵州法制
贵州卫视-6,贵州科教健康
贵州卫视HD,贵州卫视
贵州影视文艺频道,贵州影视文艺
贵州法制频道,贵州法制
贵州生活,贵州大众生活
贵州生活高清,贵州大众生活
贵州电视台,贵州卫视
超視,东森超视
车迷频道,车迷
辽宁卫视F,辽宁卫视
辽宁卫视HD,辽宁卫视
辽宁卫视高清,辽宁卫视
辽宁教育,辽宁青少
辽宁教育青少,辽宁青少
辽宁教育·青少,辽宁青少
辽宁电视台,辽宁卫视
迪士尼,DISNEY
迪士尼频道,DISNEY
郑州商都频道,郑州商都
郑州妇女儿童,郑州妇女
郑州影视戏曲,郑州戏曲
郑州文体旅游,郑州文体
郑州新闻综合,郑州新闻
郑州都市生活,郑州生活
都市剧场F,都市剧场
都市频道HD,上海都市
重庆卫视HD,重庆卫视
重庆卫视高清,重庆卫视
重庆新农村,重庆农村
重庆新农村高清,重庆农村
重庆汽摩,汽摩
重庆电视台,重庆卫视
金色学堂,SITV金色学堂
金色学堂高清,金色学堂
金鹰卡通F,金鹰卡通
金鹰卡通高清,湖南金鹰卡通
金鹰纪实F,金鹰纪实
金鹰纪实卫视(高清),金鹰纪实
金鹰纪实 高清,金鹰纪实
钱江都市,浙江钱江都市
钱江频道高清,浙江钱江都市
长兴旅店北京卫视,北京卫视
长沙女性频道,长沙女性
长沙政法频道,长沙政法
长沙新闻综合,长沙新闻
陕西休闲体育,陕西七套
陕西体育,陕西七套
陕西体育休闲,陕西七套
陕西体育频道,陕西七套
陕西公共,陕西五套
陕西农林,陕西农林卫视
陕西卫视标清,陕西卫视
陕西影视,陕西四套
陕西新闻,陕西一套
陕西新闻资讯,陕西一套
陕西新闻高清,陕西一套
陕西生活,陕西三套
陕西电影高清,陕西八套
陕西电视台,陕西卫视
陕西西部电影,陕西八套
陕西都市,陕西二套
陕西都市青春,陕西二套
陕西都市高清,陕西二套
霹靂台灣,霹雳台湾台
青岛TV1,QTV-1
青岛新闻,QTV-1
青岛-新闻综合,QTV-1
青岛-经济生活,QTV-2
青海卫视F,青海卫视
青海卫视标清,青海卫视
青海电视台,青海卫视
青海经视高清,青海经视
[青海]青海经视,青海经视
靖洋戲劇台LINE1,靖洋戏剧台
非凡新聞台,非凡新闻台
韩国_ARIANGTV,ARIRANGTV
韩国娱乐台,韩国娱乐台KMTV
韩国娱乐台KMTV,韩国娱乐台KMTV
韩国阿里郎,ARIRANGTV
音乐15台,CCTV15
风云足球高清,风云足球
🎸风云音乐,风云音乐
香港凤凰中文,凤凰中文
香港凤凰资讯,凤凰资讯
香港凤凰香港,凤凰香港
香港卫视,HKS
香港有線新聞,有线新闻台
香港有線電影,有线电影台
香港有线603,香港603
香港翡翠台,翡翠台
高尔夫.网球,高尔夫网球
高点电视台,高点综合台
高网,高尔夫网球
高网频道,高尔夫网球
高网高清,高尔夫网球
鳳凰中文,凤凰卫视中文台
鳳凰衛視中文台,凤凰中文
鳳凰資訊,凤凰卫视资讯台
鳳凰香港,凤凰卫视香港台
黑莓动画F,黑莓动画
黑莓电影F,黑莓电影
黑莓电影IPV6,黑莓电影
黑龙江农业,黑龙江手机
黑龙江农业科教,黑龙江公共农业
黑龙江农业·科教,黑龙江手机
黑龙江卫视F,黑龙江卫视
黑龙江卫视HD,黑龙江卫视
黑龙江新闻,黑龙江新闻法治
⚡️齐鲁,山东齐鲁
齐鲁频道高清,山东齐鲁
龍祥時代,LSTIME电影台
龍祥電影,LSTIME电影台
龍祥電影台,LSTIME电影台
龍華偶像,龙华偶像
龙,广东新闻
龙江卫视,黑龙江卫视
龙祥时代,LSTime电影台
龙祥时代电影台,LSTIME电影台
龙祥电影,LSTIME电影台
龙翔电影,LSTIME电影台
